<?xml version="1.0" encoding="UTF-8"?>
<project-private xmlns="http://www.netbeans.org/ns/project-private/1">
    <editor-bookmarks xmlns="http://www.netbeans.org/ns/editor-bookmarks/2" lastBookmarkId="0"/>
    <open-files xmlns="http://www.netbeans.org/ns/projectui-open-files/2">
        <group>
            <file>file:/C:/Users/Kyle%20Post/Desktop/UMUC/Fall%202017%20Classes/SDEV%20425/SDEV%20425%20Week%208/SDEV425_HW4/SDEV425_HW4/src/java/SDEV425_HW4/DualAuthen.java</file>
            <file>file:/C:/Users/Kyle%20Post/Desktop/UMUC/Fall%202017%20Classes/SDEV%20425/SDEV%20425%20Week%208/SDEV425_HW4/SDEV425_HW4/src/java/SDEV425_HW4/Authenticate.java</file>
            <file>file:/C:/Users/Kyle%20Post/Desktop/UMUC/Fall%202017%20Classes/SDEV%20425/SDEV%20425%20Week%208/SDEV425_HW4/SDEV425_HW4/src/java/SDEV425_HW4/ShowAccount.java</file>
            <file>file:/C:/Users/Kyle%20Post/Desktop/UMUC/Fall%202017%20Classes/SDEV%20425/SDEV%20425%20Week%208/SDEV425_HW4/SDEV425_HW4/web/multisecurity.jsp</file>
        </group>
    </open-files>
</project-private>
